reference,URL,keyword
_g_,https://www.geograph.org.uk,geograph
_gfp_,https://www.goodfreephotos.com,goodfreephotos
_ls_,https://libreshot.com,libreshot
_mdg_,https://media.defense.gov,defense.gov
_mp_,https://www.maxpixel.net,maxpixel
_n_,https://www.nicepik.com,nicepik
_np_,https://www.needpix.com,needpix
_npo_,https://www.naturespicsonline.com,naturespicsonline
_op_,https://openphoto.net,openphoto
_pa_,https://pixabay.com,pixabay
_pd_,http://www.publicdomainfiles.com,publicdomainfiles
_pdp_,https://www.publicdomainpictures.net,publicdomainpictures
_pi_,https://picryl.com,picryl
_pn_,https://pixnio.com,pixnio
_pp_,http://www.peakpx.com,peakpx
_pxh_,https://pxhere.com,pxhere
_w_,https://commons.wikimedia.org,wikimedia.org
_p_,https://www.pexels.com,pexels
_uns_,https://unsplash.com/,unsplash
_f_,https://www.flickr.com/photos,flickr
